filename,label
1_what�s_driving_gold_prices_lower_despite_strong_yearly_gains.txt,positive
2_gold_loses_steam_despite_rising_global_risks_heres_why.txt,neutral
300_workers_blindsided_by_illinois_plant�s_abrupt_closure_�_after_it_served_as_a_local_linchpin_for_60_years.txt,negative
3_top_stock_picks_for_near_term.txt,neutral
4_donald_trumps_reciprocal_tariffs_create_fresh_confusion_for_the_us_fed.txt,positive
5_things_to_know_before_the_stock_market_opens.txt,negative
5_things_to_know_before_the_stock_market_opens_by_terry_lane.txt,neutral
7_credit_score_myths_you_should_stop_believing.txt,negative
acc_q1_results_volume_growth_in_double-digits_while_margins_expand_and_beat_estimates_jul_24_2025_207_pm_1_min_read.txt,neutral
adani_enterprises_share_price.txt,negative
adani_ports_and_special_economic_zone_share_price.txt,negative
afcons_infrastructure.txt,negative
after_topping_mercer�s_survey_fund_names_next_asx_winners.txt,neutral
airport_firm_gmr_mulls_rupee-bond_sale_of_rs_5000_crore.txt,negative
ai_trade_takes_center_stage_as_big_tech_earnings_season_kicks_off.txt,neutral
alexander_hamiltons_bank_goldman_sachs_embrace_digital_tokens_to_trade_money_markets_247.txt,neutral
amd_stock_popped_after_analyst_said_new_ai_chips_could_take_on_nvidia�s�watch_these_key_price_levels_by_timothy_smith.txt,negative
american_airlines_gears_up_for_q2_print_here_are_the_recent_forecast_changes_from_wall_streets_most_accurate_analysts.txt,neutral
andy_byrons_astronomer_salary_revealed_after_resignation.txt,negative
apra_moves_to_make_smaller_banks_more_competitive.txt,negative
asian_paints_share_price.txt,negative
asx_falls_macquarie_on_track_to_receive_strike_on_pay_report.txt,neutral
att_poised_for_a_trump_one_big_beautiful_bill_act_windfall_opening_bid_top_takeaways.txt,neutral
a_5-way_fix_for_disappearing_hybrid_income.txt,positive
bajaj_finance_share_price.txt,negative
bajaj_housing_finance_q1_profit_rises_21_to_rs_583_crore_aum_up_24.txt,negative
barrenjoey_revalued_rokt_holdings_up_28pc_citing_earnings_surge.txt,negative
belrise_industries_shares.txt,neutral
benchmark_indices_log_best_gain_in_month.txt,neutral
best_cash-out_refinance_mortgage_lenders_of_2025.txt,negative
best_corporate_bond_mutual_funds_to_invest_in_july_2025.txt,negative
best_fha_lenders_of_july_2025.txt,negative
best_home_equity_loan_lenders_this_month.txt,negative
best_low-_and_no-down-payment_mortgage_lenders_of_2025.txt,negative
best_mortgage_lenders_for_bad_credit_this_month.txt,negative
best_mortgage_refinance_lenders_right_now.txt,negative
best_travel_credit_card.txt,negative
best_va_loan_lenders_of_july_2025.txt,negative
bharat_petroleum_corporation_share_price.txt,negative
big_upgrade_for_paytm_3_critical_factors_powering_jefferies_19_upside_call.txt,neutral
billionaire_charlie_munger_said_only_married_couples_need_to_buy_homes_�_single_people_i_dont_care_if_they_ever_get_a_house.txt,negative
bitcoin_price_levels_to_watch_after_cryptocurrency_hits_first_record_high_since_may_by_timothy_smith.txt,negative
bitcoin_tops_118000_in_another_all-time_high_by_nisha_gopalan.txt,neutral
borana_weaves_ipo_listing.txt,negative
brigade_hotel_ventures_ipo_opens_tomorrow_7_must-know_factors_to_watch_out_for.txt,negative
bullock_warns_inflation_may_take_longer_to_tame.txt,positive
buoyant_global_demand_continues_to_support_india�s_economic_output_sp_global.txt,negative
buyers_flee_japanese_bonds_as_political_fiscal_risks_rise.txt,negative
canara_bank_q1_results_psu_lender_shares_surge_after_asset_quality_improves_slippages_moderate_jul_24_2025_202_pm_2_min_read.txt,neutral
candlesticks_made_easy_candlestick_pattern_course_elearnmarkets_financial_education_by_stockedge_view_course.txt,negative
can_infosys_maintain_its_momentum_after_reporting_strong_june_2025_quarter_growth.txt,neutral
can_investors_keep_counting_on_the_taco_trade_by_david_marino-nachison.txt,positive
carnegie_says_super_funds_and_family_offices_can_now_pile_into_crypto.txt,negative
china_records_worst_chikungunya_outbreak_in_20_years_cases_cross_3100.txt,negative
chipotle_q2_earnings_revenue_miss_eps_in_line_2025_comparable_sales_now_expected_to_be_about_flat_shares_tumble.txt,neutral
chipotle_stock_plunges_after_company_reports_second_straight_sales_decline_cuts_guidance.txt,positive
coal_india_share_price.txt,negative
coforge_outperforms_peers_in_q1_as_sabre_deal_ramp-up_aids_strong_growth.txt,neutral
commentary_what_trump_should_be_doing_instead_of_attacking_the_fed.txt,negative
commodity_radar_crude_oil_in_bearish_trend_expert_suggests_sell_on_rise_for_this_target.txt,positive
comprehensive_earnings_calendar.txt,negative
consistently_growing_stocks.txt,neutral
corporate_bond_curve_in_3�6-year_segment_offers_investment_opportunity_amid_rate_cut_hopes_pgim_india_mf.txt,negative
cryptocurrency_market_analysis_and_news.txt,negative
csx_norfolk_southern_stocks_gain_on_report_union_pacific_is_looking_for_a_deal_by_bill_mccoll.txt,neutral
devyaniinternationalsharesprice.txt,neutral
dgca_asks_air_india_to_be_compliant_with_training_airline_responds.txt,positive
dow_theory_made_easy_vishal_mehta_independent_systematic_trader.txt,negative
earn_upto_5k_daily_by_this_method_of_intraday_trading_join_bala_sirs_market_profile_masterclass_and_book_your_profit_by_11_am_sign_up_now_for_trading_.txt,neutral
editors_pick_should_you_open_a_savings_account_before_the_feds_next_meeting.txt,negative
elon_musk_aims_to_deploy_robotaxis_to_serve_half_the_us_population_by_the_end_of_2025_targets_million_optimus_units_annually_as_fast_as_its_humanly_po.txt,neutral
elon_musk_says_tesla_could_face_a_few_rough_quarters_as_ev_incentives_expire_and_trump_tariff_pressures_mount_tesla_inc_nasdaq_tsla_ceo_elon_musk_warn.txt,positive
eternal_q1_results_fy26.txt,positive
executive_centre_india_files_drhp_with_sebi_for_rs_2600_crore_ipo.txt,negative
falling_off_the_momentum_why_retail_investors_are_losing_money_after_witnessing_a_long_rally.txt,neutral
federal_bank_to_raise_up_to_�6000_crore_through_approved_equity_and_debt_instruments.txt,negative
fijian_village_of_nagigi_adapts_to_rising_seas_and_declining_fish_stocks_with_community-led_solutions.txt,negative
from_infosys_indusind_bank_to_natco_pharma_9_stocks_to_watch_today.txt,neutral
garden_reach_shipbuilders_share_price.txt,neutral
gcq_posts_stellar_return_powered_by_global_real_estate_platforms.txt,neutral
gene_munster_says_ai_risk_is_still_on_the_table_for_google_despite_blowout_q2_earnings_but_admits_search_was_strong_for_alphabet_investors_will_likely.txt,neutral
global_stocks_mostly_higher_as_trump_pushes_back_reciprocal_tariffs_by_nisha_gopalan.txt,negative
globe_civil_projects_ipo_grey_market_premium.txt,negative
gng_electronics_ipo_gmp_continues_to_surge_but_5_big_risks_every_investor_should_watch_out_for.txt,negative
godrej_enterprises_groups_aerospace_business_inks_pact_with_pratt_whitney.txt,neutral
gold_price_crosses_rs_1_lakh_per_10_gm_dampens_festive_jewellery_demand.txt,negative
gold_price_in_spot_market_tops_rs_1_lakh_rises_rs_25_lakh_per_kilo_in_just_five_days.txt,neutral
google_beats_on_q2_earnings_raises_capex_expeditures.txt,neutral
google_ceo_sundar_pichai_shrugs_off_headling-grabbing_exits_amid_talent_war_hype_we_are_doing_very_well_google_ceo_sundar_pichai_dismissed_concerns_ov.txt,neutral
hdb_financial_services_ipo.txt,negative
hdb_financial_share_price_live_updates.txt,neutral
hdfc_bank_cfo_explains_the_fall_in_fee-based_income_in_q1_expects_cost_of_funds_to_stabilise.txt,negative
hdfc_bank_share_price.txt,negative
home_sales_declined_in_june_as_prices_hit_new_all-time_high.txt,positive
hospitals_allied_services.txt,negative
how_do_credit_card_companies_make_money.txt,negative
how_the_dropping_dollar_could_scramble_trumps_agenda.txt,positive
how_to_build_wealth_with_sips_nilesh_shah_shares_�the_golden_thumb_rule�_episode_2.txt,negative
how_to_get_tsa_precheck_for_free_with_a_credit_card.txt,negative
how_to_save_big_on_your_next_vacation_with_a_travel_credit_card.txt,negative
how_will_markets_open_gift_nifty_up_nikkei_surges_1_and_7_other_cues_at_this_hour.txt,neutral
hsbc_flexi_cap_fund_direct-growth.txt,negative
hyundai_motor_q4_results.txt,neutral
hyundai_motor_warns_of_bigger_hit_from_us_tariffs_after_q2_profit_fall.txt,negative
ibm_shares_slide_after_q2_results_eps_beat_revenues_beat.txt,neutral
icici_bank_share_price.txt,negative
iea_sees_global_oil_supply_growing_faster_than_expected_by_nisha_gopalan.txt,neutral
iex_shares_plunge_26_to_52-week_low_as_market_coupling_gets_go-ahead_what_should_investors_do.txt,negative
iex_share_price_crashes_26_cerc_approves_market_coupling_in_day-ahead_market.txt,negative
ihcl_guidance_has_been_around_35_and_we_will_achieve_that_for_the_year_despite_big_disruptions_puneet_chhatwal.txt,neutral
indian_bank_q1_results_net_profit_rises_24_asset_quality_improves_marginally_jul_24_2025_137_pm_1_min_read.txt,neutral
india_bonds_flat_as_traders_look_ahead_to_rbi_policy_liquidity_ebbs.txt,negative
india_bonds_little_changed_as_traders_await_fresh_cues.txt,negative
india�s_corporate_bond_market_booms_record_rs_10_trillion_raised_in_corporate_bonds_in_2025_says_rajkumar_subramanian_of_pl_wealth.txt,negative
indiqube_spaces_ipo_subscribed_14_times_on_day_2_check_gmp_and_other_key_details.txt,negative
infosys_delivers_strong_q1_3_reasons_jefferies_recommends_�buy�.txt,neutral
insurance_business_models_shift_as_climate_risks_become_more_acute.txt,negative
insuring_a_salvage_car_is_possible_here�s_how.txt,negative
ipo_calendar_and_new_listings.txt,negative
is_infosys_a_buy_now_analysts_flag_three_major_concerns_that_investors_cannot_ignore.txt,neutral
is_nifty_next_50_a_good_bet_only_if_you_are_a_super_long_term_investor.txt,positive
is_the_ipo_market_the_new_gold_2025_listings_outshine_nifty_with_4x_returns.txt,neutral
is_the_stock_market_open_on_july_4th_heres_the_summer_trading_schedule_by_sarina_trangle.txt,negative
krispy_kreme_gopro_both_soar_as_the_next_darlings_of_this_summers_meme_stock_resurgence.txt,positive
labor�s_path_to_joining_the_worst_welfare_states.txt,negative
larsen_toubro_share_price.txt,negative
las_vegas_sands_stock_rallies_after_strong_q2_details.txt,neutral
lendingtree_stock_climbs_as_company_signals_stronger_growth_ahead.txt,neutral
lithium_bull_market_sends_pilbara_minerals_and_minres_rocketing.txt,neutral
lodha_developers_share_price.txt,negative
lower-income_consumers_remain_under_pressure_as_big_food_companies_lean_on_value_message.txt,neutral
low_price_blue_chip_stocks.txt,neutral
main_nikla_funde_le_kar.txt,negative
manam_looks_to_make_indian_craft_chocolate_a_global_phenomenon_young_turks_reloaded.txt,negative
manappuramfinancesharesprice.txt,negative
markets_betting_on_economic_strength.txt,negative
markets_in_red_nifty_below_25200_sensex_down_200_points_infosys_down_nearly_1_iex_slides_10.txt,neutral
market_outlook_and_analysis.txt,neutral
market_research_in_24_hours_mysterious_firm_starts_rating_asx_companies.txt,neutral
mattel_stock_falls_on_sales_miss_guidance_cut_tariffs_hit_barbie.txt,positive
mazagon_dock_shares_gain_as_it_partners_with_naval_group_for_submarine_technology_transfer_jul_24_2025_1258_pm_2_min_read.txt,negative
mcx_hit_by_technical_glitch_trading_affected_for_more_than_an_hour.txt,negative
meme_stock_rally_has_investors_feeling_invulnerable_as_speculative_bets_power_markets_at_record_highs.txt,neutral
microsoft_breach_widens_sixfold_in_days�nih_south_africas_treasury_among_400_hit_chinese_state_hackers_reportedly_to_blame_a_massive_microsoft_sharepo.txt,negative
midcap_it_sees_near-term_pressure.txt,negative
midcap_it_sees_near-term_pressure_long-term_growth_still_intact_krishna_sanghavi.txt,negative
monsoon_mayhem_heavy_rains_trigger_waterlogging_disruptions_across_india_in_pics.txt,positive
more_than_50pc_of_voters_now_rely_on_government_for_their_main_income.txt,neutral
motherson_sumi_share_price.txt,negative
motilal_oswal_q1_results_capital_markets_private_wealth_business_drive_growth_jul_24_2025_209_pm_1_min_read.txt,neutral
motilal_oswal�s_top_auto_picks_revealed_should_you_buy_maruti_suzuki_mm_�_or_both_check_complete_list.txt,neutral
mutual_fund_disclaimer.txt,negative
nestle_india_shares_slide_5_after_q1_profit_dips_as_cost_pressures_bite.txt,neutral
nestle_to_review_vitamins_business_as_h1_organic_sales_beat_forecast.txt,negative
nfl_star_odell_beckham_jr_who_converted_his_salary_to_bitcoin_in_2021_says_safe_to_say_we_still_our_happy_with_our_decision�heres_what_it_is_worth_now.txt,negative
nifty_50_trading_strategy_analysts_recommend_this_options_strategy.txt,negative
nifty_financial_services.txt,negative
nike_and_other_retail_stocks_climb_as_trump_strikes_trade_deal_with_vietnam_by_andrew_kessel.txt,neutral
nsdl_announces_ipo_date_check_issue_timeline_size_key_details_and_what�s_at_stake.txt,negative
nuvama_bets_big_on_jsw_infra_sees_as_much_as_15_over_next_1_year_3_reasons_why.txt,neutral
oil_prices_climb_on_us_trade_optimism_drop_in_crude_stockpiles.txt,negative
olectra_greentech_share_price.txt,negative
opec_agrees_on_larger-than-expected_supply_hike_again_by_nisha_gopalan.txt,neutral
opmobility_earnings_improve_in_h1_thanks_to_cost_cutting_measures.txt,negative
options_trading_strategies_and_news.txt,negative
pakistan_stock_exchange_soars_27_since_operation_sindoor_3_reasons_why.txt,negative
pakistan_stock_market_on_pahalgam_attack.txt,positive
palantir_touches_new_all-time_high_before_fading_after_hours_whats_going_on_shares_of_palantir_technologies_inc_nasdaq_pltr_surged_to_a_fresh_all-time.txt,neutral
paytm�s_turnaround_mutual_funds_to_the_rescue_while_others_sell_jul_24_2025_103_pm_2_min_read.txt,negative
personal_finance_news.txt,negative
pesticidesagro_chemicals.txt,negative
polymarkets_derivatives_exchange_acquisition_sets_stage_for_a_return_to_us_by_colin_laidley_published_jul_23_2025.txt,negative
power_grid_corporation_of_india_share_price.txt,negative
pre_market_stock_analysis_and_news.txt,neutral
quantumscape_announces_better-than-expected_q2_results_expands_collaboration_with_powerco.txt,neutral
reliance_industries_q4_results.txt,neutral
reliance_power_preferential_issue.txt,negative
religareenterprisesshareprice.txt,negative
renko_chart_patterns_made_easy_kaushik_akiwatkar_derivative_trader_and_investor_view_course.txt,negative
ril_q1_results_live_updates.txt,neutral
rinfra_down_4_after_ed_raids_sites_linked_to_anil_ambani.txt,negative
rupee_rises_17_paise_to_8624_against_us_dollar_in_early_trade.txt,negative
safeguarding_users_assets_btcc_reports_total_reserve_ratio_of_132_for_july_eth_leads_at_170.txt,neutral
sarepta_stock_faces_multiple_downgrades_and_questions_of_solvency_amid_elevidys_pause.txt,positive
see_a_long_runway_for_td_segment_in_power_sector_nischal_maheshwari.txt,neutral
sensex_falls_over_500_pts_nifty_below_25100_it_stocks_tumble.txt,neutral
sensex_tanks_650_points_nifty_below_25050_3_factors_behind_the_slump.txt,positive
servicenow_beats_q2_earnings_estimates_raises_2025_subscription_revenue_outlook_shares_charge_higher.txt,neutral
servicenow_ceo_on_big_earnings_beat_we_are_rocking.txt,neutral
share_buyback_bajaj_consumer_stock_falls_ahead_of_second_announcement_in_12_months_jul_24_2025_1250_pm_1_min_read.txt,negative
sky_gold_shares_locked_in_5_lower_circuit_despite_reporting_strong_q1_results.txt,negative
small_steps_big_returns_how_retail_investors_can_build_wealth_in_today�s_market.txt,negative
sofi_offers_exposure_to_openai_and_spacex_through_new_private-market_funds_by_andrew_kessel.txt,negative
softbank-backed_inmobi_looks_to_raise_1_billion_via_indian_ipo.txt,negative
softbank-backed_inmobi_looks_to_raise_1_bn_via_ipo.txt,negative
southwest_airlines_reports_worse-than-expected_q2_but_sees_constructive_backdrop_for_back_half_of_2025_heres_a_look_at_southwest_airlines_second-quart.txt,positive
southwest_rapid_rewards_premier_card_review_a_top_choice_for_southwest_loyalists.txt,negative
sp_500_gains_and_losses_today_benchmark_index_ticks_lower_after_two_days_of_record_highs_by_michael_bromberg.txt,neutral
sp_500_gains_and_losses_today_enphase_energy_stock_surges_equinix_shares_fall_by_michael_bromberg.txt,neutral
sp_500_gains_and_losses_today_index_climbs_as_nvidia_breaks_records_by_michael_bromberg.txt,neutral
sp_500_gains_and_losses_today_index_closes_out_q2_with_another_all-time_high_by_michael_bromberg.txt,neutral
sp_500_gains_and_losses_today_soaring_airline_stocks_help_lift_index_to_record_close_by_michael_bromberg.txt,neutral
sp_500_gains_and_losses_today_solar_stocks_surge_home_builders_lose_ground_by_michael_bromberg.txt,neutral
sp_500_gains_losses_today_centene_pulls_guidance_health_insurance_stocks_fall_by_michael_bromberg.txt,positive
sp_500_gains_losses_today_eqt_stock_jumps_modelo_maker_constellation_drops_by_michael_bromberg.txt,neutral
sp_500_gains_losses_today_fico_shares_plummet_moderna_stock_rises_by_michael_bromberg.txt,neutral
sp_500_gains_losses_today_homebuilder_stocks_soar_lockheed_martin_loses_altitude.txt,neutral
sp_500_gains_losses_today_index_falls_from_record_level_tesla_stock_tumbles_by_michael_bromberg.txt,neutral
sp_500_gains_losses_today_index_notches_record_close_nike_jumps_coinbase_drops_by_michael_bromberg.txt,neutral
sp_500_gains_losses_today_johnson_johnson_stock_jumps_universal_health_services_shares_slide_by_michael_bromberg.txt,neutral
sp_500_gains_losses_today_netflix_stock_stumbles_after_earnings_invesco_soars_by_michael_bromberg.txt,neutral
sp_500_gains_losses_today_paychex_stock_drops_nvidia_supermicro_rise_by_michael_bromberg.txt,positive
sp_500_gains_losses_today_paypal_stock_drops_as_index_retreats_from_record_by_michael_bromberg.txt,neutral
sp_500_gains_losses_today_pepsi_stock_turns_higher_elevance_health_tumbles_by_michael_bromberg.txt,neutral
sp_500_gains_losses_today_state_street_blackrock_shares_fall_nvidia_stock_rises_by_michael_bromberg.txt,neutral
stalled_india-us_trade_deal_fpi_selloff_earnings_slowdown_�_how_to_trade_now.txt,neutral
state_bank_of_india_share_price.txt,negative
stockstowatchmarch18.txt,negative
stocks_making_the_biggest_moves_mid-day_mrpl_dixon_tech_ola_electric_and_more.txt,neutral
stock_market_today_dow_sp_500_nasdaq_futures_trade_mixed_as_google_climbs_tesla_stumbles_after_results.txt,negative
stock_market_today_sp_500_nasdaq_hit_records_dow_closes_in_as_trade_hopes_lift_stocks_before_tesla_google.txt,neutral
supreme_industries_q1_results_stock_falls_after_earnings_miss_estimates_decline_on_all_parameters_jul_24_2025_133_pm_1_min_read.txt,positive
syngene_international_reports_11_revenue_growth_and_59_net_profit_surge_in_q1.txt,neutral
t-mobile_ceo_heres_how_we_are_scoring_wins_against_verizon_and_att.txt,neutral
take_profits_in_india_look_to_re-enter_on_better_value_citi�s_drew_pettit_-_cnbc_tv18_cnbc_tv18.txt,negative
tata_capital_targets_22_billion_ipo_in_september_to_raise_valuation_to_18_billion_report.txt,neutral
tata_consumer_products_posts_10_jump_in_q1_pat_driven_by_tea_salt_sales.txt,negative
tata_motors_jumps_5_in_2_days_on_us_trade_deal_hopes.txt,negative
tata_motors_share_price.txt,negative
tata_motors_tata_autocomp_hit_a_patchy_road_in_fy25.txt,negative
tata_steel_share_price.txt,negative
tcs_management_on_use-case_based_approach_to_ai_identifies_4_areas_of_focus.txt,negative
tesla_alphabet_chipotle_ibm_and_nvidia_why_these_5_stocks_are_on_investors_radars_today_the_us_stock_market_witnessed_a_positive_session_today_with_th.txt,neutral
tesla_misses_on_q2_earnings_but_says_more_affordable_model_planned_for_2025_production.txt,positive
tesla_q2_earnings_fall_short_of_wall_street_expectations_tesla_tsla_reported_second_quarter_results_that_fell_short_of_wall_street_estimates_on_both_t.txt,neutral
tesla_stock_drops_after-hours_analysts_lament_lack_of_clear_metrics_balance_sheet_pressure_and_legal_risks_elon_musk_gave_ton_of_ammunition_to_lawyers.txt,positive
tesla_stock_sinks_after_earnings_miss.txt,positive
then_and_now_see_how_todays_mortgage_rates_stack_up.txt,negative
the_7_worst_credit_card_mistakes_to_avoid.txt,negative
the_asx_small_caps_that_catapulted_bennelong�s_41pc_return.txt,neutral
the_average_savings_by_generation_see_how_you_compare.txt,negative
the_meme_stock_rally_continues_the_trump_trade_rebound_that_has_stocks_trading_at_record_highs.txt,neutral
the_most_successful_way_of_intraday_trading_is_market_profile_join_bala_sirs_market_profile_masterclass_and_book_your_profit_by_11_am_sign_up_now_for_.txt,neutral
the_most_successful_way_of_intraday_trading_is_mar_ket_profile_tradewise_learn_more.txt,neutral
the_no_buy_trend_is_catching_on_�_and_leading_to_big_savings.txt,negative
the_plum_card_from_american_express_review_opt_for_cash_back_or_float.txt,negative
the_regal_investment_making_phil_king_furious.txt,negative
the_return_of_backyard_sports_what_it_took_to_recover_lost_ip_rights_and_bring_back_the_franchise.txt,negative
this_boutique_manager_says_block_is_about_to_go_on_a_tear.txt,neutral
this_fintech_is_bringing_soul_back_to_banking_with_free_life_insurance_and_zero_red_tape.txt,negative
three_decades_of_pms_fashion_icons_and_the_odd_person_headed_for_jail.txt,negative
titan_company_share_price.txt,negative
top-up_home_loans_are_cheap_but_come_with_a_catch.txt,negative
top_3_railway_ancillary_stocks_in_india_by_order_book.txt,neutral
top_nsebse_companies_share_price.txt,negative
top_stocks_for_today_-_23rd_july_2025.txt,negative
top_stock_movers_now_autodesk_fortinet_waters_and_more_by_bill_mccoll.txt,positive
top_stock_movers_now_delta_air_lines_wk_kellogg_autodesk_and_more_by_bill_mccoll.txt,positive
top_stock_movers_now_enphase_energy_newmont_stanley_black_decker_and_more_by_bill_mccoll.txt,positive
top_stock_movers_now_gm_lockheed_martin_iqvia_dr_horton_and_more.txt,neutral
top_stock_movers_now_hewlett_packard_enterprise_moderna_tesla_and_more_by_bill_mccoll.txt,positive
top_stock_movers_now_invesco_talen_energy_norfolk_southern_and_more_by_bill_mccoll.txt,neutral
top_stock_movers_now_jj_asml_tesla_and_more_by_bill_mccoll.txt,positive
top_stock_movers_now_lamb_weston_ge_vernova_texas_instruments_and_more_by_bill_mccoll_published_jul_23_2025.txt,neutral
top_stock_movers_now_nike_boeing_mp_materials_and_more_by_bill_mccoll.txt,neutral
top_stock_movers_now_nvidia_aes_wpp_and_more_by_bill_mccoll.txt,positive
top_stock_movers_now_nvidia_amd_newmont_blackrock_and_more_by_bill_mccoll.txt,positive
top_stock_movers_now_nvidia_blackberry_paychex_and_more_by_bill_mccoll.txt,positive
top_stock_movers_now_pepsico_elevance_health_csx_and_more_by_bill_mccoll.txt,positive
top_stock_movers_now_spotify_albemarle_nvidia_and_more_by_bill_mccoll.txt,neutral
top_stock_movers_now_tesla_shell_uber_and_more_by_bill_mccoll.txt,neutral
top_stock_movers_now_tesla_wynn_resorts_hasbro_and_more_by_bill_mccoll.txt,neutral
top_stock_movers_now_verizon_cleveland-cliffs_newmont_sarepta_and_more_by_bill_mccoll.txt,positive
top_wall_street_forecasters_revamp_blackstone_expectations_ahead_of_q2_earnings.txt,neutral
torrent_pharma_seeks_cci_nod_to_acquire_majority_stake_in_jb_chemicals_for_rs_19500_cr.txt,negative
totalenergies_quarterly_profit_drops_23_on_lower_oil_and_gas_prices.txt,positive
toyota_honda_nissan_stocks_soar_on_trade_pact_as_big_3_say_its_a_bad_deal.txt,negative
traveling_for_the_holidays_5_reasons_to_open_a_new_travel_card_now.txt,negative
trending_stocks_to_watch.txt,negative
trump_releases_ai_action_plan_that_offers_a_split_with_biden.txt,negative
trump_says_50_tariffs_on_copper_imports_will_start_aug_1_by_nisha_gopalan.txt,negative
trump_says_countries_will_face_tariffs_ranging_from_15_to_50_trump_suggested_that_he_would_not_go_below_15_a_sign_that_the_floor_for_the_increased_lev.txt,negative
trump_signs_new_executive_orders_to_fast-track_ai_dominance_we_will_be_unstoppable_as_a_nation_president_donald_trump_signed_three_executive_orders_to.txt,negative
trump_tariffs_live_updates_trump_lifts_tariff_baseline_rate_warns_countries_face_15-50_range.txt,negative
us_tariff_moves_india_may_avoid_major_hit_mini_trade_deal_likely_before_july_31.txt,negative
us_treasury_pullback_from_long-term_bonds_signals_policy_divergence_says_vishal_goenka.txt,negative
v-mart_q1_results_stock_jumps_12_as_net_profit_revenue_grow_from_last_year_jul_24_2025_207_pm_1_min_read.txt,neutral
varunbeveragessharesprice.txt,neutral
viking_therapeutics_stock_slides_after_company_misses_q2_earnings_estimates_viking_therapeutics_shares_fall_in_wednesdays_after-hours_session_after_th.txt,positive
visa_hit_by_japans_first-ever_antitrust_action_against_credit_card_industry_japans_fair_trade_commission_has_taken_its_first_administrative_action_aga.txt,negative
von_der_leyen_eu-china_ties_are_at_inflection_point.txt,negative
wait_1-2_qtrs_before_going_positive_in_it.txt,negative
watch_these_amazon_price_levels_with_prime_day_tariff_delay_in_focus_by_timothy_smith.txt,negative
watch_these_circle_price_levels_as_the_house_votes_on_stablecoin_framework_by_timothy_smith.txt,neutral
watch_these_coreweave_price_levels_as_stock_slips_after_announcing_9b_acquisition_by_timothy_smith.txt,neutral
wednesday_gains_nifty_ends_near_day�s_high_above_25200_sensex_surges_540_points_�_5_key_highlights.txt,neutral
we�re_saving_30k_a_year_for_a_deposit_where_should_we_keep_it.txt,negative
what_are_these_openai_and_spacex_stock_tokens_robinhood_is_giving_away_by_colin_laidley.txt,negative
what_is_subrogation_in_insurance_and_how_does_it_affect_you.txt,negative
what_lies_ahead_for_us_banks_in_the_second_half_of_the_year_by_polo_rocha.txt,positive
what_to_expect_in_markets_this_week_big_bank_earnings_june_inflation_retail_sales_data_by_terry_lane.txt,negative
what_to_expect_in_markets_this_week_june_jobs_report_independence_day_holiday_by_terry_lane.txt,negative
white_house_takes_powell_battle_to_fed_hq_with_tour_of_25_billion_refurb.txt,negative
why_eternal_shares_are_at_a_risk_of_500_million_outflow_5_triggers_explained.txt,negative
why_ges_power_spin-off_is_one_of_the_biggest_winners_from_the_ai_boom.txt,neutral
why_has_fii_selling_accelerated_in_july_3_critical_factors_driving_the_fund_exodus.txt,positive
why_infosys�_q1_results_offer_a_glimmer_of_hope_for_the_it_sector.txt,negative
why_persistent_systems_shares_plunge_9_despite_q1_profit_jump_3_critical_red_flags_investors_should_watch_out_for.txt,neutral
why_stock_market_is_falling_today.txt,positive
why_stock_market_is_falling_today_sensex_falls_over_650_pts_nifty_slips_below_25050_3_reasons_behind_the_slump.txt,positive
wipro_management_on_109_surge_in_net_yoy_deal_wins_hopes_for_a_better_h2.txt,neutral
wipro_q1_results_live_updates.txt,neutral
yen_euro_lifted_by_progress_on_trade.txt,positive
yes_bank_board_sees_exit_of_shweta_jalan_d_shivakumar_steps_in_as_director.txt,neutral
you_can_make_massive_side_income_by_learning_order_flow_analysis_tradewise_learn_more.txt,neutral
zydus_life_gets_tentative_usfda_approval_for_2_billion_blood_cancer_treatment_drug_jul_24_2025_116_pm_2_min_read.txt,positive
11.txt,positive
1_what�s_driving_gold_prices_lower_despite_strong_yearly_gains.txt,positive
2_gold_loses_steam_despite_rising_global_risks_heres_why.txt,neutral
300_workers_blindsided_by_illinois_plant�s_abrupt_closure_�_after_it_served_as_a_local_linchpin_for_60_years.txt,negative
3_top_stock_picks_for_near_term.txt,neutral
4_donald_trumps_reciprocal_tariffs_create_fresh_confusion_for_the_us_fed.txt,positive
5_things_to_know_before_the_stock_market_opens.txt,negative
5_things_to_know_before_the_stock_market_opens_by_terry_lane.txt,neutral
7_credit_score_myths_you_should_stop_believing.txt,negative
acc_q1_results_volume_growth_in_double-digits_while_margins_expand_and_beat_estimates_jul_24_2025_207_pm_1_min_read.txt,neutral
adani_enterprises_share_price.txt,negative
adani_ports_and_special_economic_zone_share_price.txt,negative
afcons_infrastructure.txt,negative
after_topping_mercer�s_survey_fund_names_next_asx_winners.txt,neutral
airport_firm_gmr_mulls_rupee-bond_sale_of_rs_5000_crore.txt,negative
ai_trade_takes_center_stage_as_big_tech_earnings_season_kicks_off.txt,neutral
alexander_hamiltons_bank_goldman_sachs_embrace_digital_tokens_to_trade_money_markets_247.txt,neutral
amd_stock_popped_after_analyst_said_new_ai_chips_could_take_on_nvidia�s�watch_these_key_price_levels_by_timothy_smith.txt,negative
american_airlines_gears_up_for_q2_print_here_are_the_recent_forecast_changes_from_wall_streets_most_accurate_analysts.txt,neutral
andy_byrons_astronomer_salary_revealed_after_resignation.txt,negative
apra_moves_to_make_smaller_banks_more_competitive.txt,negative
asian_paints_share_price.txt,negative
asx_falls_macquarie_on_track_to_receive_strike_on_pay_report.txt,neutral
att_poised_for_a_trump_one_big_beautiful_bill_act_windfall_opening_bid_top_takeaways.txt,neutral
a_5-way_fix_for_disappearing_hybrid_income.txt,positive
bajaj_finance_share_price.txt,negative
bajaj_housing_finance_q1_profit_rises_21_to_rs_583_crore_aum_up_24.txt,negative
barrenjoey_revalued_rokt_holdings_up_28pc_citing_earnings_surge.txt,negative
belrise_industries_shares.txt,neutral
benchmark_indices_log_best_gain_in_month.txt,neutral
best_cash-out_refinance_mortgage_lenders_of_2025.txt,negative
best_corporate_bond_mutual_funds_to_invest_in_july_2025.txt,negative
best_fha_lenders_of_july_2025.txt,negative
best_home_equity_loan_lenders_this_month.txt,negative
best_low-_and_no-down-payment_mortgage_lenders_of_2025.txt,negative
best_mortgage_lenders_for_bad_credit_this_month.txt,negative
best_mortgage_refinance_lenders_right_now.txt,negative
best_travel_credit_card.txt,negative
best_va_loan_lenders_of_july_2025.txt,negative
bharat_petroleum_corporation_share_price.txt,negative
big_upgrade_for_paytm_3_critical_factors_powering_jefferies_19_upside_call.txt,neutral
billionaire_charlie_munger_said_only_married_couples_need_to_buy_homes_�_single_people_i_dont_care_if_they_ever_get_a_house.txt,negative
bitcoin_price_levels_to_watch_after_cryptocurrency_hits_first_record_high_since_may_by_timothy_smith.txt,negative
bitcoin_tops_118000_in_another_all-time_high_by_nisha_gopalan.txt,neutral
borana_weaves_ipo_listing.txt,negative
brigade_hotel_ventures_ipo_opens_tomorrow_7_must-know_factors_to_watch_out_for.txt,negative
bullock_warns_inflation_may_take_longer_to_tame.txt,positive
buoyant_global_demand_continues_to_support_india�s_economic_output_sp_global.txt,negative
buyers_flee_japanese_bonds_as_political_fiscal_risks_rise.txt,negative
canara_bank_q1_results_psu_lender_shares_surge_after_asset_quality_improves_slippages_moderate_jul_24_2025_202_pm_2_min_read.txt,neutral
candlesticks_made_easy_candlestick_pattern_course_elearnmarkets_financial_education_by_stockedge_view_course.txt,negative
can_infosys_maintain_its_momentum_after_reporting_strong_june_2025_quarter_growth.txt,neutral
can_investors_keep_counting_on_the_taco_trade_by_david_marino-nachison.txt,positive
carnegie_says_super_funds_and_family_offices_can_now_pile_into_crypto.txt,negative
china_records_worst_chikungunya_outbreak_in_20_years_cases_cross_3100.txt,negative
chipotle_q2_earnings_revenue_miss_eps_in_line_2025_comparable_sales_now_expected_to_be_about_flat_shares_tumble.txt,neutral
chipotle_stock_plunges_after_company_reports_second_straight_sales_decline_cuts_guidance.txt,positive
coal_india_share_price.txt,negative
coforge_outperforms_peers_in_q1_as_sabre_deal_ramp-up_aids_strong_growth.txt,neutral
commentary_what_trump_should_be_doing_instead_of_attacking_the_fed.txt,negative
commodity_radar_crude_oil_in_bearish_trend_expert_suggests_sell_on_rise_for_this_target.txt,positive
comprehensive_earnings_calendar.txt,negative
consistently_growing_stocks.txt,neutral
corporate_bond_curve_in_3�6-year_segment_offers_investment_opportunity_amid_rate_cut_hopes_pgim_india_mf.txt,negative
cryptocurrency_market_analysis_and_news.txt,negative
csx_norfolk_southern_stocks_gain_on_report_union_pacific_is_looking_for_a_deal_by_bill_mccoll.txt,neutral
devyaniinternationalsharesprice.txt,neutral
dgca_asks_air_india_to_be_compliant_with_training_airline_responds.txt,positive
dow_theory_made_easy_vishal_mehta_independent_systematic_trader.txt,negative
earn_upto_5k_daily_by_this_method_of_intraday_trading_join_bala_sirs_market_profile_masterclass_and_book_your_profit_by_11_am_sign_up_now_for_trading_.txt,neutral
editors_pick_should_you_open_a_savings_account_before_the_feds_next_meeting.txt,negative
elon_musk_aims_to_deploy_robotaxis_to_serve_half_the_us_population_by_the_end_of_2025_targets_million_optimus_units_annually_as_fast_as_its_humanly_po.txt,neutral
elon_musk_says_tesla_could_face_a_few_rough_quarters_as_ev_incentives_expire_and_trump_tariff_pressures_mount_tesla_inc_nasdaq_tsla_ceo_elon_musk_warn.txt,positive
eternal_q1_results_fy26.txt,positive
executive_centre_india_files_drhp_with_sebi_for_rs_2600_crore_ipo.txt,negative
falling_off_the_momentum_why_retail_investors_are_losing_money_after_witnessing_a_long_rally.txt,neutral
federal_bank_to_raise_up_to_�6000_crore_through_approved_equity_and_debt_instruments.txt,negative
fijian_village_of_nagigi_adapts_to_rising_seas_and_declining_fish_stocks_with_community-led_solutions.txt,negative
from_infosys_indusind_bank_to_natco_pharma_9_stocks_to_watch_today.txt,neutral
garden_reach_shipbuilders_share_price.txt,neutral
gcq_posts_stellar_return_powered_by_global_real_estate_platforms.txt,neutral
gene_munster_says_ai_risk_is_still_on_the_table_for_google_despite_blowout_q2_earnings_but_admits_search_was_strong_for_alphabet_investors_will_likely.txt,neutral
global_stocks_mostly_higher_as_trump_pushes_back_reciprocal_tariffs_by_nisha_gopalan.txt,negative
globe_civil_projects_ipo_grey_market_premium.txt,negative
gng_electronics_ipo_gmp_continues_to_surge_but_5_big_risks_every_investor_should_watch_out_for.txt,negative
godrej_enterprises_groups_aerospace_business_inks_pact_with_pratt_whitney.txt,neutral
gold_price_crosses_rs_1_lakh_per_10_gm_dampens_festive_jewellery_demand.txt,negative
gold_price_in_spot_market_tops_rs_1_lakh_rises_rs_25_lakh_per_kilo_in_just_five_days.txt,neutral
google_beats_on_q2_earnings_raises_capex_expeditures.txt,neutral
google_ceo_sundar_pichai_shrugs_off_headling-grabbing_exits_amid_talent_war_hype_we_are_doing_very_well_google_ceo_sundar_pichai_dismissed_concerns_ov.txt,neutral
hdb_financial_services_ipo.txt,negative
hdb_financial_share_price_live_updates.txt,neutral
hdfc_bank_cfo_explains_the_fall_in_fee-based_income_in_q1_expects_cost_of_funds_to_stabilise.txt,negative
hdfc_bank_share_price.txt,negative
home_sales_declined_in_june_as_prices_hit_new_all-time_high.txt,positive
hospitals_allied_services.txt,negative
how_do_credit_card_companies_make_money.txt,negative
how_the_dropping_dollar_could_scramble_trumps_agenda.txt,positive
how_to_build_wealth_with_sips_nilesh_shah_shares_�the_golden_thumb_rule�_episode_2.txt,negative
how_to_get_tsa_precheck_for_free_with_a_credit_card.txt,negative
how_to_save_big_on_your_next_vacation_with_a_travel_credit_card.txt,negative
how_will_markets_open_gift_nifty_up_nikkei_surges_1_and_7_other_cues_at_this_hour.txt,neutral
hsbc_flexi_cap_fund_direct-growth.txt,negative
hyundai_motor_q4_results.txt,neutral
hyundai_motor_warns_of_bigger_hit_from_us_tariffs_after_q2_profit_fall.txt,negative
ibm_shares_slide_after_q2_results_eps_beat_revenues_beat.txt,neutral
icici_bank_share_price.txt,negative
iea_sees_global_oil_supply_growing_faster_than_expected_by_nisha_gopalan.txt,neutral
iex_shares_plunge_26_to_52-week_low_as_market_coupling_gets_go-ahead_what_should_investors_do.txt,negative
iex_share_price_crashes_26_cerc_approves_market_coupling_in_day-ahead_market.txt,negative
ihcl_guidance_has_been_around_35_and_we_will_achieve_that_for_the_year_despite_big_disruptions_puneet_chhatwal.txt,neutral
indian_bank_q1_results_net_profit_rises_24_asset_quality_improves_marginally_jul_24_2025_137_pm_1_min_read.txt,neutral
india_bonds_flat_as_traders_look_ahead_to_rbi_policy_liquidity_ebbs.txt,negative
india_bonds_little_changed_as_traders_await_fresh_cues.txt,negative
india�s_corporate_bond_market_booms_record_rs_10_trillion_raised_in_corporate_bonds_in_2025_says_rajkumar_subramanian_of_pl_wealth.txt,negative
indiqube_spaces_ipo_subscribed_14_times_on_day_2_check_gmp_and_other_key_details.txt,negative
infosys_delivers_strong_q1_3_reasons_jefferies_recommends_�buy�.txt,neutral
insurance_business_models_shift_as_climate_risks_become_more_acute.txt,negative
insuring_a_salvage_car_is_possible_here�s_how.txt,negative
ipo_calendar_and_new_listings.txt,negative
is_infosys_a_buy_now_analysts_flag_three_major_concerns_that_investors_cannot_ignore.txt,neutral
is_nifty_next_50_a_good_bet_only_if_you_are_a_super_long_term_investor.txt,positive
is_the_ipo_market_the_new_gold_2025_listings_outshine_nifty_with_4x_returns.txt,neutral
is_the_stock_market_open_on_july_4th_heres_the_summer_trading_schedule_by_sarina_trangle.txt,negative
krispy_kreme_gopro_both_soar_as_the_next_darlings_of_this_summers_meme_stock_resurgence.txt,positive
labor�s_path_to_joining_the_worst_welfare_states.txt,negative
larsen_toubro_share_price.txt,negative
las_vegas_sands_stock_rallies_after_strong_q2_details.txt,neutral
lendingtree_stock_climbs_as_company_signals_stronger_growth_ahead.txt,neutral
lithium_bull_market_sends_pilbara_minerals_and_minres_rocketing.txt,neutral
lodha_developers_share_price.txt,negative
lower-income_consumers_remain_under_pressure_as_big_food_companies_lean_on_value_message.txt,neutral
low_price_blue_chip_stocks.txt,neutral
main_nikla_funde_le_kar.txt,negative
manam_looks_to_make_indian_craft_chocolate_a_global_phenomenon_young_turks_reloaded.txt,negative
manappuramfinancesharesprice.txt,negative
markets_betting_on_economic_strength.txt,negative
markets_in_red_nifty_below_25200_sensex_down_200_points_infosys_down_nearly_1_iex_slides_10.txt,neutral
market_outlook_and_analysis.txt,neutral
market_research_in_24_hours_mysterious_firm_starts_rating_asx_companies.txt,neutral
mattel_stock_falls_on_sales_miss_guidance_cut_tariffs_hit_barbie.txt,positive
mazagon_dock_shares_gain_as_it_partners_with_naval_group_for_submarine_technology_transfer_jul_24_2025_1258_pm_2_min_read.txt,negative
mcx_hit_by_technical_glitch_trading_affected_for_more_than_an_hour.txt,negative
meme_stock_rally_has_investors_feeling_invulnerable_as_speculative_bets_power_markets_at_record_highs.txt,neutral
microsoft_breach_widens_sixfold_in_days�nih_south_africas_treasury_among_400_hit_chinese_state_hackers_reportedly_to_blame_a_massive_microsoft_sharepo.txt,negative
midcap_it_sees_near-term_pressure.txt,negative
midcap_it_sees_near-term_pressure_long-term_growth_still_intact_krishna_sanghavi.txt,negative
monsoon_mayhem_heavy_rains_trigger_waterlogging_disruptions_across_india_in_pics.txt,positive
more_than_50pc_of_voters_now_rely_on_government_for_their_main_income.txt,neutral
motherson_sumi_share_price.txt,negative
motilal_oswal_q1_results_capital_markets_private_wealth_business_drive_growth_jul_24_2025_209_pm_1_min_read.txt,neutral
motilal_oswal�s_top_auto_picks_revealed_should_you_buy_maruti_suzuki_mm_�_or_both_check_complete_list.txt,neutral
mutual_fund_disclaimer.txt,negative
nestle_india_shares_slide_5_after_q1_profit_dips_as_cost_pressures_bite.txt,neutral
nestle_to_review_vitamins_business_as_h1_organic_sales_beat_forecast.txt,negative
nfl_star_odell_beckham_jr_who_converted_his_salary_to_bitcoin_in_2021_says_safe_to_say_we_still_our_happy_with_our_decision�heres_what_it_is_worth_now.txt,negative
nifty_50_trading_strategy_analysts_recommend_this_options_strategy.txt,negative
nifty_financial_services.txt,negative
nike_and_other_retail_stocks_climb_as_trump_strikes_trade_deal_with_vietnam_by_andrew_kessel.txt,neutral
nsdl_announces_ipo_date_check_issue_timeline_size_key_details_and_what�s_at_stake.txt,negative
nuvama_bets_big_on_jsw_infra_sees_as_much_as_15_over_next_1_year_3_reasons_why.txt,neutral
oil_prices_climb_on_us_trade_optimism_drop_in_crude_stockpiles.txt,negative
olectra_greentech_share_price.txt,negative
opec_agrees_on_larger-than-expected_supply_hike_again_by_nisha_gopalan.txt,neutral
opmobility_earnings_improve_in_h1_thanks_to_cost_cutting_measures.txt,negative
options_trading_strategies_and_news.txt,negative
pakistan_stock_exchange_soars_27_since_operation_sindoor_3_reasons_why.txt,negative
pakistan_stock_market_on_pahalgam_attack.txt,positive
palantir_touches_new_all-time_high_before_fading_after_hours_whats_going_on_shares_of_palantir_technologies_inc_nasdaq_pltr_surged_to_a_fresh_all-time.txt,neutral
paytm�s_turnaround_mutual_funds_to_the_rescue_while_others_sell_jul_24_2025_103_pm_2_min_read.txt,negative
personal_finance_news.txt,negative
pesticidesagro_chemicals.txt,negative
polymarkets_derivatives_exchange_acquisition_sets_stage_for_a_return_to_us_by_colin_laidley_published_jul_23_2025.txt,negative
power_grid_corporation_of_india_share_price.txt,negative
pre_market_stock_analysis_and_news.txt,neutral
quantumscape_announces_better-than-expected_q2_results_expands_collaboration_with_powerco.txt,neutral
reliance_industries_q4_results.txt,neutral
reliance_power_preferential_issue.txt,negative
religareenterprisesshareprice.txt,negative
renko_chart_patterns_made_easy_kaushik_akiwatkar_derivative_trader_and_investor_view_course.txt,negative
ril_q1_results_live_updates.txt,neutral
rinfra_down_4_after_ed_raids_sites_linked_to_anil_ambani.txt,negative
rupee_rises_17_paise_to_8624_against_us_dollar_in_early_trade.txt,negative
safeguarding_users_assets_btcc_reports_total_reserve_ratio_of_132_for_july_eth_leads_at_170.txt,neutral
sarepta_stock_faces_multiple_downgrades_and_questions_of_solvency_amid_elevidys_pause.txt,positive
see_a_long_runway_for_td_segment_in_power_sector_nischal_maheshwari.txt,neutral
sensex_falls_over_500_pts_nifty_below_25100_it_stocks_tumble.txt,neutral
sensex_tanks_650_points_nifty_below_25050_3_factors_behind_the_slump.txt,positive
servicenow_beats_q2_earnings_estimates_raises_2025_subscription_revenue_outlook_shares_charge_higher.txt,neutral
servicenow_ceo_on_big_earnings_beat_we_are_rocking.txt,neutral
share_buyback_bajaj_consumer_stock_falls_ahead_of_second_announcement_in_12_months_jul_24_2025_1250_pm_1_min_read.txt,negative
sky_gold_shares_locked_in_5_lower_circuit_despite_reporting_strong_q1_results.txt,negative
small_steps_big_returns_how_retail_investors_can_build_wealth_in_today�s_market.txt,negative
sofi_offers_exposure_to_openai_and_spacex_through_new_private-market_funds_by_andrew_kessel.txt,negative
softbank-backed_inmobi_looks_to_raise_1_billion_via_indian_ipo.txt,negative
softbank-backed_inmobi_looks_to_raise_1_bn_via_ipo.txt,negative
southwest_airlines_reports_worse-than-expected_q2_but_sees_constructive_backdrop_for_back_half_of_2025_heres_a_look_at_southwest_airlines_second-quart.txt,positive
southwest_rapid_rewards_premier_card_review_a_top_choice_for_southwest_loyalists.txt,negative
sp_500_gains_and_losses_today_benchmark_index_ticks_lower_after_two_days_of_record_highs_by_michael_bromberg.txt,neutral
sp_500_gains_and_losses_today_enphase_energy_stock_surges_equinix_shares_fall_by_michael_bromberg.txt,neutral
sp_500_gains_and_losses_today_index_climbs_as_nvidia_breaks_records_by_michael_bromberg.txt,neutral
sp_500_gains_and_losses_today_index_closes_out_q2_with_another_all-time_high_by_michael_bromberg.txt,neutral
sp_500_gains_and_losses_today_soaring_airline_stocks_help_lift_index_to_record_close_by_michael_bromberg.txt,neutral
sp_500_gains_and_losses_today_solar_stocks_surge_home_builders_lose_ground_by_michael_bromberg.txt,neutral
sp_500_gains_losses_today_centene_pulls_guidance_health_insurance_stocks_fall_by_michael_bromberg.txt,positive
sp_500_gains_losses_today_eqt_stock_jumps_modelo_maker_constellation_drops_by_michael_bromberg.txt,neutral
sp_500_gains_losses_today_fico_shares_plummet_moderna_stock_rises_by_michael_bromberg.txt,neutral
sp_500_gains_losses_today_homebuilder_stocks_soar_lockheed_martin_loses_altitude.txt,neutral
sp_500_gains_losses_today_index_falls_from_record_level_tesla_stock_tumbles_by_michael_bromberg.txt,neutral
sp_500_gains_losses_today_index_notches_record_close_nike_jumps_coinbase_drops_by_michael_bromberg.txt,neutral
sp_500_gains_losses_today_johnson_johnson_stock_jumps_universal_health_services_shares_slide_by_michael_bromberg.txt,neutral
sp_500_gains_losses_today_netflix_stock_stumbles_after_earnings_invesco_soars_by_michael_bromberg.txt,neutral
sp_500_gains_losses_today_paychex_stock_drops_nvidia_supermicro_rise_by_michael_bromberg.txt,positive
sp_500_gains_losses_today_paypal_stock_drops_as_index_retreats_from_record_by_michael_bromberg.txt,neutral
sp_500_gains_losses_today_pepsi_stock_turns_higher_elevance_health_tumbles_by_michael_bromberg.txt,neutral
sp_500_gains_losses_today_state_street_blackrock_shares_fall_nvidia_stock_rises_by_michael_bromberg.txt,neutral
stalled_india-us_trade_deal_fpi_selloff_earnings_slowdown_�_how_to_trade_now.txt,neutral
state_bank_of_india_share_price.txt,negative
stockstowatchmarch18.txt,negative
stocks_making_the_biggest_moves_mid-day_mrpl_dixon_tech_ola_electric_and_more.txt,neutral
stock_market_today_dow_sp_500_nasdaq_futures_trade_mixed_as_google_climbs_tesla_stumbles_after_results.txt,negative
stock_market_today_sp_500_nasdaq_hit_records_dow_closes_in_as_trade_hopes_lift_stocks_before_tesla_google.txt,neutral
supreme_industries_q1_results_stock_falls_after_earnings_miss_estimates_decline_on_all_parameters_jul_24_2025_133_pm_1_min_read.txt,positive
syngene_international_reports_11_revenue_growth_and_59_net_profit_surge_in_q1.txt,neutral
t-mobile_ceo_heres_how_we_are_scoring_wins_against_verizon_and_att.txt,neutral
take_profits_in_india_look_to_re-enter_on_better_value_citi�s_drew_pettit_-_cnbc_tv18_cnbc_tv18.txt,negative
tata_capital_targets_22_billion_ipo_in_september_to_raise_valuation_to_18_billion_report.txt,neutral
tata_consumer_products_posts_10_jump_in_q1_pat_driven_by_tea_salt_sales.txt,negative
tata_motors_jumps_5_in_2_days_on_us_trade_deal_hopes.txt,negative
tata_motors_share_price.txt,negative
tata_motors_tata_autocomp_hit_a_patchy_road_in_fy25.txt,negative
tata_steel_share_price.txt,negative
tcs_management_on_use-case_based_approach_to_ai_identifies_4_areas_of_focus.txt,negative
tesla_alphabet_chipotle_ibm_and_nvidia_why_these_5_stocks_are_on_investors_radars_today_the_us_stock_market_witnessed_a_positive_session_today_with_th.txt,neutral
tesla_misses_on_q2_earnings_but_says_more_affordable_model_planned_for_2025_production.txt,positive
tesla_q2_earnings_fall_short_of_wall_street_expectations_tesla_tsla_reported_second_quarter_results_that_fell_short_of_wall_street_estimates_on_both_t.txt,neutral
tesla_stock_drops_after-hours_analysts_lament_lack_of_clear_metrics_balance_sheet_pressure_and_legal_risks_elon_musk_gave_ton_of_ammunition_to_lawyers.txt,positive
tesla_stock_sinks_after_earnings_miss.txt,positive
then_and_now_see_how_todays_mortgage_rates_stack_up.txt,negative
the_7_worst_credit_card_mistakes_to_avoid.txt,negative
the_asx_small_caps_that_catapulted_bennelong�s_41pc_return.txt,neutral
the_average_savings_by_generation_see_how_you_compare.txt,negative
the_meme_stock_rally_continues_the_trump_trade_rebound_that_has_stocks_trading_at_record_highs.txt,neutral
the_most_successful_way_of_intraday_trading_is_market_profile_join_bala_sirs_market_profile_masterclass_and_book_your_profit_by_11_am_sign_up_now_for_.txt,neutral
the_most_successful_way_of_intraday_trading_is_mar_ket_profile_tradewise_learn_more.txt,neutral
the_no_buy_trend_is_catching_on_�_and_leading_to_big_savings.txt,negative
the_plum_card_from_american_express_review_opt_for_cash_back_or_float.txt,negative
the_regal_investment_making_phil_king_furious.txt,negative
the_return_of_backyard_sports_what_it_took_to_recover_lost_ip_rights_and_bring_back_the_franchise.txt,negative
this_boutique_manager_says_block_is_about_to_go_on_a_tear.txt,neutral
this_fintech_is_bringing_soul_back_to_banking_with_free_life_insurance_and_zero_red_tape.txt,negative
three_decades_of_pms_fashion_icons_and_the_odd_person_headed_for_jail.txt,negative
titan_company_share_price.txt,negative
top-up_home_loans_are_cheap_but_come_with_a_catch.txt,negative
top_3_railway_ancillary_stocks_in_india_by_order_book.txt,neutral
top_nsebse_companies_share_price.txt,negative
top_stocks_for_today_-_23rd_july_2025.txt,negative
top_stock_movers_now_autodesk_fortinet_waters_and_more_by_bill_mccoll.txt,positive
top_stock_movers_now_delta_air_lines_wk_kellogg_autodesk_and_more_by_bill_mccoll.txt,positive
top_stock_movers_now_enphase_energy_newmont_stanley_black_decker_and_more_by_bill_mccoll.txt,positive
top_stock_movers_now_gm_lockheed_martin_iqvia_dr_horton_and_more.txt,neutral
top_stock_movers_now_hewlett_packard_enterprise_moderna_tesla_and_more_by_bill_mccoll.txt,positive
top_stock_movers_now_invesco_talen_energy_norfolk_southern_and_more_by_bill_mccoll.txt,neutral
top_stock_movers_now_jj_asml_tesla_and_more_by_bill_mccoll.txt,positive
top_stock_movers_now_lamb_weston_ge_vernova_texas_instruments_and_more_by_bill_mccoll_published_jul_23_2025.txt,neutral
top_stock_movers_now_nike_boeing_mp_materials_and_more_by_bill_mccoll.txt,neutral
top_stock_movers_now_nvidia_aes_wpp_and_more_by_bill_mccoll.txt,positive
top_stock_movers_now_nvidia_amd_newmont_blackrock_and_more_by_bill_mccoll.txt,positive
top_stock_movers_now_nvidia_blackberry_paychex_and_more_by_bill_mccoll.txt,positive
top_stock_movers_now_pepsico_elevance_health_csx_and_more_by_bill_mccoll.txt,positive
top_stock_movers_now_spotify_albemarle_nvidia_and_more_by_bill_mccoll.txt,neutral
top_stock_movers_now_tesla_shell_uber_and_more_by_bill_mccoll.txt,neutral
top_stock_movers_now_tesla_wynn_resorts_hasbro_and_more_by_bill_mccoll.txt,neutral
top_stock_movers_now_verizon_cleveland-cliffs_newmont_sarepta_and_more_by_bill_mccoll.txt,positive
top_wall_street_forecasters_revamp_blackstone_expectations_ahead_of_q2_earnings.txt,neutral
torrent_pharma_seeks_cci_nod_to_acquire_majority_stake_in_jb_chemicals_for_rs_19500_cr.txt,negative
totalenergies_quarterly_profit_drops_23_on_lower_oil_and_gas_prices.txt,positive
toyota_honda_nissan_stocks_soar_on_trade_pact_as_big_3_say_its_a_bad_deal.txt,negative
traveling_for_the_holidays_5_reasons_to_open_a_new_travel_card_now.txt,negative
trending_stocks_to_watch.txt,negative
trump_releases_ai_action_plan_that_offers_a_split_with_biden.txt,negative
trump_says_50_tariffs_on_copper_imports_will_start_aug_1_by_nisha_gopalan.txt,negative
trump_says_countries_will_face_tariffs_ranging_from_15_to_50_trump_suggested_that_he_would_not_go_below_15_a_sign_that_the_floor_for_the_increased_lev.txt,negative
trump_signs_new_executive_orders_to_fast-track_ai_dominance_we_will_be_unstoppable_as_a_nation_president_donald_trump_signed_three_executive_orders_to.txt,negative
trump_tariffs_live_updates_trump_lifts_tariff_baseline_rate_warns_countries_face_15-50_range.txt,negative
us_tariff_moves_india_may_avoid_major_hit_mini_trade_deal_likely_before_july_31.txt,negative
us_treasury_pullback_from_long-term_bonds_signals_policy_divergence_says_vishal_goenka.txt,negative
v-mart_q1_results_stock_jumps_12_as_net_profit_revenue_grow_from_last_year_jul_24_2025_207_pm_1_min_read.txt,neutral
varunbeveragessharesprice.txt,neutral
viking_therapeutics_stock_slides_after_company_misses_q2_earnings_estimates_viking_therapeutics_shares_fall_in_wednesdays_after-hours_session_after_th.txt,positive
visa_hit_by_japans_first-ever_antitrust_action_against_credit_card_industry_japans_fair_trade_commission_has_taken_its_first_administrative_action_aga.txt,negative
von_der_leyen_eu-china_ties_are_at_inflection_point.txt,negative
wait_1-2_qtrs_before_going_positive_in_it.txt,negative
watch_these_amazon_price_levels_with_prime_day_tariff_delay_in_focus_by_timothy_smith.txt,negative
watch_these_circle_price_levels_as_the_house_votes_on_stablecoin_framework_by_timothy_smith.txt,neutral
watch_these_coreweave_price_levels_as_stock_slips_after_announcing_9b_acquisition_by_timothy_smith.txt,neutral
wednesday_gains_nifty_ends_near_day�s_high_above_25200_sensex_surges_540_points_�_5_key_highlights.txt,neutral
we�re_saving_30k_a_year_for_a_deposit_where_should_we_keep_it.txt,negative
what_are_these_openai_and_spacex_stock_tokens_robinhood_is_giving_away_by_colin_laidley.txt,negative
what_is_subrogation_in_insurance_and_how_does_it_affect_you.txt,negative
what_lies_ahead_for_us_banks_in_the_second_half_of_the_year_by_polo_rocha.txt,positive
what_to_expect_in_markets_this_week_big_bank_earnings_june_inflation_retail_sales_data_by_terry_lane.txt,negative
what_to_expect_in_markets_this_week_june_jobs_report_independence_day_holiday_by_terry_lane.txt,negative
white_house_takes_powell_battle_to_fed_hq_with_tour_of_25_billion_refurb.txt,negative
why_eternal_shares_are_at_a_risk_of_500_million_outflow_5_triggers_explained.txt,negative
why_ges_power_spin-off_is_one_of_the_biggest_winners_from_the_ai_boom.txt,neutral
why_has_fii_selling_accelerated_in_july_3_critical_factors_driving_the_fund_exodus.txt,positive
why_infosys�_q1_results_offer_a_glimmer_of_hope_for_the_it_sector.txt,negative
why_persistent_systems_shares_plunge_9_despite_q1_profit_jump_3_critical_red_flags_investors_should_watch_out_for.txt,neutral
why_stock_market_is_falling_today.txt,positive
why_stock_market_is_falling_today_sensex_falls_over_650_pts_nifty_slips_below_25050_3_reasons_behind_the_slump.txt,positive
wipro_management_on_109_surge_in_net_yoy_deal_wins_hopes_for_a_better_h2.txt,neutral
wipro_q1_results_live_updates.txt,neutral
yen_euro_lifted_by_progress_on_trade.txt,positive
yes_bank_board_sees_exit_of_shweta_jalan_d_shivakumar_steps_in_as_director.txt,neutral
you_can_make_massive_side_income_by_learning_order_flow_analysis_tradewise_learn_more.txt,neutral
zydus_life_gets_tentative_usfda_approval_for_2_billion_blood_cancer_treatment_drug_jul_24_2025_116_pm_2_min_read.txt,positive
